{
  "model": "SU2_conformal",
  "template": "dbf",
  "pta_frequencies_Hz": [
    1.99e-09,
    3.98e-09,
    5.96e-09,
    7.94e-09,
    1e-08,
    1.268e-08,
    1.479e-08,
    1.69e-08,
    1.9010000000000003e-08,
    2.113e-08,
    2.3239999999999998e-08,
    2.5350000000000002e-08,
    2.7460000000000002e-08,
    2.958e-08
  ],
  "best_fit_points": [
    {
      "rank": 1,
      "name": "pta_point_000",
      "parameters": {
        "g_D": 1.2838766312026584,
        "v": 0.0297635144163131
      },
      "alpha": 172.96986497988806,
      "beta_H": 72.03375926613376,
      "T_star": 0.0031958454088657053,
      "f_peak_Hz": 3.98e-09,
      "h2OmegaGW_peak": 3.228181146154996e-10,
      "score": 1.9998903970789987,
      "spectrum": {
        "frequency_Hz": [
          1.99e-09,
          3.98e-09,
          5.96e-09,
          7.94e-09,
          1e-08,
          1.268e-08,
          1.479e-08,
          1.69e-08,
          1.9010000000000003e-08,
          2.113e-08,
          2.3239999999999998e-08,
          2.5350000000000002e-08,
          2.7460000000000002e-08,
          2.958e-08
        ],
        "h2OmegaGW": [
          3.073519151412742e-10,
          3.228181146154996e-10,
          2.215227490273189e-10,
          1.489196987201323e-10,
          1.0273055806341136e-10,
          6.786533264912866e-11,
          5.124103400631446e-11,
          3.9943209679728506e-11,
          3.195560202249957e-11,
          2.6093738512230046e-11,
          2.1711450159951507e-11,
          1.8338395246679598e-11,
          1.5689113931450313e-11,
          1.3562703591692733e-11
        ]
      }
    },
    {
      "rank": 2,
      "name": "pta_point_001",
      "parameters": {
        "g_D": 1.2838766312026584,
        "v": 0.0143844988828766
      },
      "alpha": 152.95271119444035,
      "beta_H": 75.21746507583771,
      "T_star": 0.001559979543886667,
      "f_peak_Hz": 1.99e-09,
      "h2OmegaGW_peak": 2.998928644982812e-10,
      "score": 1.9997237223995525,
      "spectrum": {
        "frequency_Hz": [
          1.99e-09,
          3.98e-09,
          5.96e-09,
          7.94e-09,
          1e-08,
          1.268e-08,
          1.479e-08,
          1.69e-08,
          1.9010000000000003e-08,
          2.113e-08,
          2.3239999999999998e-08,
          2.5350000000000002e-08,
          2.7460000000000002e-08,
          2.958e-08
        ],
        "h2OmegaGW": [
          2.998928644982812e-10,
          1.4015647660023918e-10,
          7.192772832016772e-11,
          4.268190915381599e-11,
          2.7594579317741385e-11,
          1.7446709969476702e-11,
          1.2916403532585332e-11,
          9.938952706895057e-12,
          7.880415677952059e-12,
          6.393241208325231e-12,
          5.294069718106585e-12,
          4.455237048715542e-12,
          3.8007179495443245e-12,
          3.2780924223679787e-12
        ]
      }
    },
    {
      "rank": 3,
      "name": "pta_point_002",
      "parameters": {
        "g_D": 1.2838766312026584,
        "v": 0.0206913808111479
      },
      "alpha": 161.75712364049696,
      "beta_H": 73.56612320721467,
      "T_star": 0.002229028013171782,
      "f_peak_Hz": 1.99e-09,
      "h2OmegaGW_peak": 3.397444343985805e-10,
      "score": 1.9996687388182033,
      "spectrum": {
        "frequency_Hz": [
          1.99e-09,
          3.98e-09,
          5.96e-09,
          7.94e-09,
          1e-08,
          1.268e-08,
          1.479e-08,
          1.69e-08,
          1.9010000000000003e-08,
          2.113e-08,
          2.3239999999999998e-08,
          2.5350000000000002e-08,
          2.7460000000000002e-08,
          2.958e-08
        ],
        "h2OmegaGW": [
          3.397444343985805e-10,
          2.2932083691806308e-10,
          1.3168889359294463e-10,
          8.176047622087315e-11,
          5.40791089347666e-11,
          3.47139688430835e-11,
          2.587337145423992e-11,
          1.9997027081439022e-11,
          1.5903547195508623e-11,
          1.293058660085883e-11,
          1.0724816189485689e-11,
          9.036643169429918e-12,
          7.71649395831477e-12,
          6.660536752643326e-12
        ]
      }
    },
    {
      "rank": 4,
      "name": "pta_point_003",
      "parameters": {
        "g_D": 1.2838766312026584,
        "v": 0.0428133239871939
      },
      "alpha": 186.6657654091655,
      "beta_H": 70.54286836954304,
      "T_star": 0.004591205551752805,
      "f_peak_Hz": 3.98e-09,
      "h2OmegaGW_peak": 3.693753251491038e-10,
      "score": 1.9993315999989347,
      "spectrum": {
        "frequency_Hz": [
          1.99e-09,
          3.98e-09,
          5.96e-09,
          7.94e-09,
          1e-08,
          1.268e-08,
          1.479e-08,
          1.69e-08,
          1.9010000000000003e-08,
          2.113e-08,
          2.3239999999999998e-08,
          2.5350000000000002e-08,
          2.7460000000000002e-08,
          2.958e-08
        ],
        "h2OmegaGW": [
          2.275882220455964e-10,
          3.693753251491038e-10,
          3.23002167742613e-10,
          2.464501295669755e-10,
          1.828013733045909e-10,
          1.2721062972656186e-10,
          9.839668874031593e-11,
          7.795429959675874e-11,
          6.307765145785006e-11,
          5.193531143842623e-11,
          4.3480426691548514e-11,
          3.6899593141766124e-11,
          3.1686124026748553e-11,
          2.7473069602355017e-11
        ]
      }
    },
    {
      "rank": 5,
      "name": "pta_point_004",
      "parameters": {
        "g_D": 1.1683365547318127,
        "v": 0.01
      },
      "alpha": 6009.122884090541,
      "beta_H": 50.912610814748405,
      "T_star": 0.001067755403316154,
      "f_peak_Hz": 1.99e-09,
      "h2OmegaGW_peak": 2.712947380559649e-10,
      "score": 1.9992364369801203,
      "spectrum": {
        "frequency_Hz": [
          1.99e-09,
          3.98e-09,
          5.96e-09,
          7.94e-09,
          1e-08,
          1.268e-08,
          1.479e-08,
          1.69e-08,
          1.9010000000000003e-08,
          2.113e-08,
          2.3239999999999998e-08,
          2.5350000000000002e-08,
          2.7460000000000002e-08,
          2.958e-08
        ],
        "h2OmegaGW": [
          2.712947380559649e-10,
          8.027512558574185e-11,
          3.698924460327818e-11,
          2.1085282330192075e-11,
          1.3367209137109075e-11,
          8.343853633057845e-12,
          6.142592739046509e-12,
          4.709322487685397e-12,
          3.72453554492514e-12,
          3.0161727038758065e-12,
          2.4942735548828472e-12,
          2.0969255852617663e-12,
          1.7874477070168365e-12,
          1.5406861117770427e-12
        ]
      }
    },
    {
      "rank": 6,
      "name": "pta_point_005",
      "parameters": {
        "g_D": 1.063194291373574,
        "v": 0.01
      },
      "alpha": 1123067.3660977865,
      "beta_H": 35.167124277421635,
      "T_star": 0.0010035073689526324,
      "f_peak_Hz": 1.99e-09,
      "h2OmegaGW_peak": 2.686577744605374e-10,
      "score": 1.9991636459546802,
      "spectrum": {
        "frequency_Hz": [
          1.99e-09,
          3.98e-09,
          5.96e-09,
          7.94e-09,
          1e-08,
          1.268e-08,
          1.479e-08,
          1.69e-08,
          1.9010000000000003e-08,
          2.113e-08,
          2.3239999999999998e-08,
          2.5350000000000002e-08,
          2.7460000000000002e-08,
          2.958e-08
        ],