{
    "bayes_est": {
        "log10-g-D": {
            "mean": -0.026006948630127417,
            "std": 0.016317849740242005
        },
        "log10-v-GeV": {
            "mean": -0.03920881672474452,
            "std": 0.16622513852460546
        }
    },
    "map_est": {
        "log10-g-D": -0.035803488866065686,
        "log10-v-GeV": 0.053753505673445286
    },
    "sigma_regions": {
        "log10-g-D": {
            "1sigma": {
                "low": -0.04072834488015384,
                "high": -0.010786198981408037
            },
            "2sigma": {
                "low": -0.044421470471713964,
                "high": 0.018211496141161226
            },
            "3sigma": {
                "low": -0.04577990750115071,
                "high": 0.05212421834144152
            }
        },
        "log10-v-GeV": {
            "1sigma": {
                "low": -0.2030477829544573,
                "high": 0.11522615790679837
            },
            "2sigma": {
                "low": -0.4508622317975581,
                "high": 0.1889492962303475
            },
            "3sigma": {
                "low": -0.7891049067058511,
                "high": 0.23075963793236168
            }
        }
    }
}