{
    "bayes_est": {
        "g-D": {
            "mean": 0.5877937102091472,
            "std": 0.05985192507086137
        },
        "y": {
            "mean": 0.3772731532778366,
            "std": 0.22200737630873787
        },
        "log10-w": {
            "mean": -0.002061527013656485,
            "std": 0.18238448403668658
        }
    },
    "map_est": {
        "g-D": 0.5348717387715283,
        "y": 0.2944039128874555,
        "log10-w": 0.09711316485286241
    },
    "sigma_regions": {
        "g-D": {
            "1sigma": {
                "low": 0.5285875252362462,
                "high": 0.6532450412033991
            },
            "2sigma": {
                "low": 0.5127865118970202,
                "high": 0.7272559921782896
            },
            "3sigma": {
                "low": 0.5063087900221112,
                "high": 0.7762923771079846
            }
        },
        "y": {
            "1sigma": {
                "low": 0.1186736907935367,
                "high": 0.6380436515827701
            },
            "2sigma": {
                "low": 0.01837062308186854,
                "high": 0.7781991364859652
            },
            "3sigma": {
                "low": 0.0023397195954580874,
                "high": 0.838521373302943
            }
        },
        "log10-w": {
            "1sigma": {
                "low": -0.17542716071670925,
                "high": 0.16333366625977358
            },
            "2sigma": {
                "low": -0.4629393292638324,
                "high": 0.25848561097165107
            },
            "3sigma": {
                "low": -0.8029545186259296,
                "high": 0.4422824614226568
            }
        }
    }
}