{
    "bayes_est": {
        "g": {
            "mean": 0.8830417914472374,
            "std": 0.0351556548584405
        },
        "log10-chi0": {
            "mean": -0.05069853665758791,
            "std": 0.17298237992488902
        }
    },
    "map_est": {
        "g": 0.8656396092935766,
        "log10-chi0": 0.04990373237133092
    },
    "sigma_regions": {
        "g": {
            "1sigma": {
                "low": 0.8522795712424887,
                "high": 0.9157628287865598
            },
            "2sigma": {
                "low": 0.8452065285821837,
                "high": 0.9797752351736515
            },
            "3sigma": {
                "low": 0.8426255518147977,
                "high": 1.0591696775529846
            }
        },
        "log10-chi0": {
            "1sigma": {
                "low": -0.21784154836376138,
                "high": 0.1075473775894533
            },
            "2sigma": {
                "low": -0.4851460912474067,
                "high": 0.1836219428930118
            },
            "3sigma": {
                "low": -0.8373526795692223,
                "high": 0.2279136904820963
            }
        }
    }
}