{
  "bayes_est": {
    "v_D": {
      "mean": 0.9597839281049243,
      "std_log10": 0.1817884831790365
    },
    "g_D": {
      "mean": 0.2855779045136462,
      "std": 0.02613049838232023
    },
    "y_D": {
      "mean": 0.40535649236565025,
      "std": 0.2545363207791076
    }
  },
  "map_est": {
    "log10_v_D": 0.07022275016693211,
    "g_D": 0.26200174184515485,
    "y_D": 0.0
  },
  "sigma_regions": {
    "log10-v-D": {
      "1sigma": {
        "low": -0.1854711970579447,
        "high": 0.1444628418749687
      },
      "2sigma": {
        "low": -0.46603592369233837,
        "high": 0.2462483791138535
      },
      "3sigma": {
        "low": -0.9254644029983113,
        "high": 0.368215154484038
      }
    },
    "g-D": {
      "1sigma": {
        "low": 0.2604596540094731,
        "high": 0.31488766085794484
      },
      "2sigma": {
        "low": 0.2541805469101902,
        "high": 0.3500417750768086
      },
      "3sigma": {
        "low": 0.25209916984954484,
        "high": 0.37926516847216496
      }
    },
    "y-D": {
      "1sigma": {
        "low": 0.11853518564406271,
        "high": 0.7049053385665409
      },
      "2sigma": {
        "low": 0.016331092066329926,
        "high": 0.88518897279808
      },
      "3sigma": {
        "low": 0.0006881227393056251,
        "high": 0.9369271889892906
      }
    }
  }
}
