{
    "bayes_est": {
        "g_D": {
            "mean": 0.5805571206409867,
            "std": 0.05757855388731906
        },
        "y_psi": {
            "mean": 0.34696286347354544,
            "std": 0.21669564610254904
        },
        "log10_v": {
            "mean": -0.010483303136042442,
            "std": 0.18318912555407552
        }
    },
    "map_est": {
        "g_D": 0.5316147607276923,
        "y_psi": 0.10884161431351586,
        "log10_v": 0.07437120408634729
    },
    "sigma_regions": {
        "g_D": {
            "1sigma": {
                "low": 0.5255869593071089,
                "high": 0.6476383585837762
            },
            "2sigma": {
                "low": 0.5119585274932607,
                "high": 0.7176293566608561
            },
            "3sigma": {
                "low": 0.5060486016287074,
                "high": 0.7543603852391203
            }
        },
        "y_psi": {
            "1sigma": {
                "low": 0.1094536213135059,
                "high": 0.6045243742578233
            },
            "2sigma": {
                "low": 0.016357952201946715,
                "high": 0.7617586909441254
            },
            "3sigma": {
                "low": 0.0012833467153737,
                "high": 0.7942833983767463
            }
        },
        "log10_v": {
            "1sigma": {
                "low": -0.1874137227987048,
                "high": 0.1609378539920791
            },
            "2sigma": {
                "low": -0.4641883577853131,
                "high": 0.24829693011992093
            },
            "3sigma": {
                "low": -0.808379590739211,
                "high": 0.33546705264348015
            }
        }
    }
}