{
    "bayes_est": {
        "log10-v": {
            "mean": -0.061120585100343794,
            "std": 0.16191954882390977
        },
        "g-D": {
            "mean": 0.5269075751413724,
            "std": 0.020417653674196668
        }
    },
    "map_est": {
        "log10-v": 0.02860392791140476,
        "g-D": 0.5075305200363639
    },
    "sigma_regions": {
        "log10-v": {
            "1sigma": {
                "low": -0.21010899461214994,
                "high": 0.08989639301445346
            },
            "2sigma": {
                "low": -0.47592384913078795,
                "high": 0.16444291052505036
            },
            "3sigma": {
                "low": -0.7956977328363062,
                "high": 0.21606082404790122
            }
        },
        "g-D": {
            "1sigma": {
                "low": 0.5086024469152554,
                "high": 0.5446686082936968
            },
            "2sigma": {
                "low": 0.504441406653847,
                "high": 0.5827356439376097
            },
            "3sigma": {
                "low": 0.50276458355731,
                "high": 0.6312457551622027
            }
        }
    }
}