{
    "bayes_est": {
        "log10-v": {
            "mean": -0.05993657129987464,
            "std": 0.1656493195830397
        },
        "g-D": {
            "mean": 0.5271764315449816,
            "std": 0.021340581296956453
        }
    },
    "map_est": {
        "log10-v": 0.03800649895932868,
        "g-D": 0.5280166512106359
    },
    "sigma_regions": {
        "log10-v": {
            "1sigma": {
                "low": -0.21382461107941222,
                "high": 0.09084385239772558
            },
            "2sigma": {
                "low": -0.47635301907022154,
                "high": 0.16470095639005383
            },
            "3sigma": {
                "low": -0.8197930897319622,
                "high": 0.21534767364236837
            }
        },
        "g-D": {
            "1sigma": {
                "low": 0.5084811487246946,
                "high": 0.5460260823780715
            },
            "2sigma": {
                "low": 0.5043578353419957,
                "high": 0.5866899979415854
            },
            "3sigma": {
                "low": 0.5026794003701621,
                "high": 0.635859722867593
            }
        }
    }
}