{
  "map_est": {
    "g_D": 0.5357342711696239,
    "v": 1.3387506946928558
  },
  "raw_bayes_est": {
    "g-D": {
      "mean": 0.5487563804652748,
      "std": 0.026642810964793227
    },
    "log10-v": {
      "mean": -0.04507637251642458,
      "std": 0.22627577938561957
    }
  },
  "raw_map_est": {
    "g-D": 0.5357342711696239,
    "log10-v": 0.12669970920028223
  },
  "sigma_regions": {
    "g-D": {
      "1sigma": {
        "high": 0.573908524438072,
        "low": 0.5230639416593472
      },
      "2sigma": {
        "high": 0.6134887383296125,
        "low": 0.5087585881531596
      },
      "3sigma": {
        "high": 0.6598683196504019,
        "low": 0.505801436098087
      }
    },
    "log10-v": {
      "1sigma": {
        "high": 0.1686445004699174,
        "low": -0.2704751047984459
      },
      "2sigma": {
        "high": 0.2701766244075579,
        "low": -0.6018887590605907
      },
      "3sigma": {
        "high": 0.3958167658065113,
        "low": -1.0034765343422232
      }
    },
    "v": {
      "1sigma": {
        "high": 1.474499063088339,
        "low": 0.5364446220230156
      },
      "2sigma": {
        "high": 1.8628445879745976,
        "low": 0.25009862877037864
      },
      "3sigma": {
        "high": 2.487809982954475,
        "low": 0.09920270104987264
      }
    }
  }
}