{
    "bayes_est": {
        "g": {
            "mean": 0.882911458457501,
            "std": 0.03517918089379607
        },
        "log10-chi0": {
            "mean": -0.05092999157014305,
            "std": 0.17173327865872082
        }
    },
    "map_est": {
        "g": 0.8629328110205043,
        "log10-chi0": 0.049341174934790635
    },
    "sigma_regions": {
        "g": {
            "1sigma": {
                "low": 0.8523769184057718,
                "high": 0.9123623970675039
            },
            "2sigma": {
                "low": 0.8449863740825116,
                "high": 0.9811917454834477
            },
            "3sigma": {
                "low": 0.8419132766972122,
                "high": 1.0581263077077925
            }
        },
        "log10-chi0": {
            "1sigma": {
                "low": -0.20933074748040809,
                "high": 0.1032611843457096
            },
            "2sigma": {
                "low": -0.5023271281675495,
                "high": 0.17763716678311336
            },
            "3sigma": {
                "low": -0.8623460579767112,
                "high": 0.23201648093119467
            }
        }
    }
}